geno_id,DaysToFirstFlw,DaysToSecondFlw,FlwInterval,FirstFrtCt,TotalFirstFrtWt,AvgFirstFrtWt,DaysToFirstFlw_Overall,DaysToFlw_Once,TetradViability34,TetradViability2,TetradViability1,TetradViability0,PollenViability,PowderyMildewSeverity,SecondFrtCt,TotalSecondFrtWt,AvgSecondFrtWt,AverageFlowersPerUpright,NumberFloweringUprights,Prolificacy
CNJ01-8-105,85.63888888888998,195.6981132075469,NA,NA,NA,NA,151.00000000000003,150.999999999998,43,45,12,0,68.5,15,NA,NA,NA,2,4,1
CNJ01-8-106,80.36111111111124,NA,NA,NA,NA,NA,69.28787878788368,59.15555555555456,NA,NA,NA,NA,NA,0,NA,NA,NA,NA,NA,NA
CNJ01-8-108,71.4999999999995,175.500000000001,104,8.296296296295875,3.473574999999781,0.3890963802716242,71.5000000000002,NA,4,49,37,10,37.75,0,NA,NA,NA,2.6,5,5
CNJ01-8-111,91.63888888888923,NA,NA,-1.7037037037037175,-0.8314250000000343,0.3595130469383118,102.71212121211919,112.8444444444445,NA,NA,NA,NA,NA,75,NA,NA,NA,1.34,3,NA
CNJ01-8-113,79.49999999999994,241.69811320754766,166.42231183256962,NA,NA,NA,79.49999999999854,103.84444444444479,37,36,18,9,59.5,0,NA,NA,NA,1.67,3,1
CNJ01-8-114,71.63888888888864,174.69811320754786,NA,-2.70370370370365,-1.2284250000000247,0.35751304693831226,133.50000000000026,133.50000000000068,0,1,18,81,5,0,NA,NA,NA,2.4,5,2
CNJ01-8-115,73.63888888888863,192.69811320754746,NA,0.2962962962962843,0.7355750000000729,0.5537630469383114,143.49999999999756,143.49999999999955,74,17,9,0,84.75,10,NA,NA,NA,1.6,5,1
CNJ01-8-117,81.99999999999966,NA,NA,2.2962962962962283,1.624574999999991,1.5875130469383092,81.99999999999892,82.00000000000003,46,38,16,0,69,5,NA,NA,NA,1,5,3
CNJ01-8-12,64.99999999999997,NA,NA,NA,NA,NA,65.00000000000041,65.00000000000014,NA,NA,NA,NA,NA,0,NA,NA,NA,3.2,5,3
CNJ01-8-120,82.63888888888872,181.6981132075474,NA,NA,NA,NA,142.4999999999981,142.5,NA,NA,NA,NA,NA,0,NA,NA,NA,1.5,2,1
CNJ01-8-122,80.00000000000038,181.50000000000043,101.5,-0.70370370370365,-0.36942499999993683,0.3818463802716464,80.00000000000017,NA,0,39,51,10,32.25,0,NA,NA,NA,2.5,2,2
CNJ01-8-124,77.00000000000033,167.69811320754732,90.42231183256966,5.29629629629634,3.45257499999999,0.5282908247160896,76.99999999999915,96.84444444444289,53,30,14.000000000000002,3,71.5,15,NA,NA,NA,2,5,5
CNJ01-8-125,68.99999999999986,NA,NA,0.29629629629628695,-0.45142499999997043,0.2570130469383128,69.00000000000104,69.00000000000063,18,45,35,2,49.25,5,NA,NA,NA,3.6,5,6
CNJ01-8-126,80.63888888888876,NA,NA,NA,NA,NA,91.71212121212045,101.8444444444438,NA,NA,NA,NA,NA,25,NA,NA,NA,1,1,NA
CNJ01-8-127,67.49999999999991,147.69811320754755,81.56048050709371,2.296296296296295,-0.03342500000000492,0.22917971360497905,67.49999999999973,88.84444444444459,90,10,0,0,88.25,0,2,1.29,0.645,1.8,5,4
CNJ01-8-129,77.99999999999989,178.00000000000006,100.00000000000001,4.0000000000000515,1.0775000000000101,0.3162500000000003,78.00000000000033,NA,85,13,2,0,92,0,NA,NA,NA,1.6,5,3
CNJ01-8-13,64.63888888888839,166.69811320754653,NA,NA,NA,NA,126.00000000000027,126.00000000000001,NA,NA,NA,NA,NA,0,NA,NA,NA,2.4,5,1
CNJ01-8-132,67.4999999999998,173.69811320754764,108.77846029721094,4.296296296296348,2.308575000000042,0.45576304693831216,67.50000000000163,88.84444444444433,1,28.000000000000004,46,25,26.5,60,NA,NA,NA,5.4,5,9
CNJ01-8-133,67.63888888888889,166.0000000000005,108.57768816743034,-0.7037037037037619,0.03657499999998248,1.622513046938313,121.50000000000206,154.15555555555625,28.999999999999996,13,18,40,40,5,1,0.348,0.348,3.5,2,2
CNJ01-8-134,71.36111111111083,NA,NA,NA,NA,NA,60.2878787878781,50.15555555555672,NA,NA,NA,NA,NA,0,NA,NA,NA,NA,NA,NA
CNJ01-8-135,71.49999999999991,188.69811320754718,115.65592783220826,14.296296296296283,2.3125749999999856,0.18306860249386797,71.50000000000159,87.84444444444367,40,45,14.000000000000002,1,66,25,NA,NA,NA,2.8,5,7
CNJ01-8-138,76.00000000000027,NA,NA,11.000000000000043,3.0260000000000566,0.3099250000000005,75.99999999999841,76.00000000000051,10,25,59,6,37.25,10,NA,NA,NA,2.2,5,7
CNJ01-8-139,80.99999999999977,173.6981132075476,100.00920990345273,10.000000000000117,5.313499999999975,0.8724062500000057,81.00000000000173,107.84444444444478,38,45,13,4,63.74999999999999,40,NA,NA,NA,2.4,5,2
CNJ01-8-14,86.99999999999999,151.69811320754647,76.88100150449299,3.999999999999999,1.5954999999999988,0.5394500000000017,86.99999999999963,118.8444444444455,31,34,30,5,55.50000000000001,0,1,0.636,0.636,1.4,4,NA
CNJ01-8-140,75.49999999999986,165.50000000000068,90.00000000000003,-2.7037037037037175,-1.362424999999987,0.22351304693831248,75.50000000000075,NA,62,28.000000000000004,8,2,78,0,2,0.444,0.222,1.8,5,3
CNJ01-8-141,64.6388888888886,164.69811320754852,NA,7.296296296296264,3.4265749999999957,0.4234221378474035,124.99999999999964,125.00000000000018,19,27,32,22,40.5,0,NA,NA,NA,4,5,6
CNJ01-8-142,70.50000000000045,168.00000000000028,97.50000000000001,5.296296296296472,0.7465750000000668,0.22762415804942496,70.50000000000188,NA,66,22,10,2,79.5,5,2,0.704,0.352,2.6,5,3
CNJ01-8-143,86.63888888888869,158.6981132075471,NA,NA,NA,NA,133.00000000000006,132.99999999999977,74,20,4,2,85,0,NA,NA,NA,3,1,NA
CNJ01-8-144,76.50000000000001,191.99999999999994,115.50000000000001,5.000000000000016,3.3935000000000297,0.6668333333333352,76.5000000000003,NA,61,27,10,2,77,0,NA,NA,NA,1.6,5,5
CNJ01-8-145,70.5,193.3018867924531,124.73437329862789,-0.7037037037035523,-1.1544249999999778,0.12017971360498098,70.49999999999962,53.15555555555238,41,36,20,3,64,0,NA,NA,NA,2.6,5,4
CNJ01-8-148,76.4999999999999,NA,NA,13.499999999999954,9.503999999999978,1.6761428571428554,76.50000000000297,76.50000000000044,10,52,35,3,44.75,0,NA,NA,NA,3.2,5,7
CNJ01-8-149,82.36111111111101,NA,NA,NA,NA,NA,71.28787878788349,61.15555555555551,10,54,28.999999999999996,7.000000000000001,44.25,40,NA,NA,NA,NA,NA,NA
CNJ01-8-151,88.63888888888894,NA,NA,-2.7037037037034937,-1.1014250000000383,0.48451304693831204,99.71212121212007,109.84444444444341,NA,NA,NA,NA,NA,5,NA,NA,NA,1.6,5,2
CNJ01-8-152,77.00000000000037,147.69811320754764,77.79308083828414,1.0000000000000302,0.8949999999999829,0.8950000000000026,77.00000000000112,101.84444444444406,2,14.000000000000002,45,39,20.25,15,9,5.289,0.5876666666666667,1.67,3,2
CNJ01-8-154,72.63888888888874,193.6981132075477,NA,5.296296296296195,2.9045750000000403,0.4674019358272022,143.50000000000125,143.4999999999999,72,9,6,13,78,0,1,0.519,0.519,2.2,5,4
CNJ01-8-156,71.49999999999977,177.3018867924531,103.37541529342641,8.500000000000012,5.511500000000016,0.802906250000001,71.5000000000003,49.15555555555642,NA,NA,NA,NA,NA,0,NA,NA,NA,2,5,5
CNJ01-8-157,79.63888888888877,NA,NA,-2.7037037037035416,-1.3534250000000452,0.23251304693831154,90.712121212121,100.84444444444294,NA,NA,NA,NA,NA,5,NA,NA,NA,2.5,2,1
CNJ01-8-158,88.36111111111123,162.6981132075474,75.08894429851608,4.7037037037037415,1.91142499999997,0.32548695306168735,77.28787878787745,NA,9,32,51,8,37.75,0,NA,NA,NA,NA,NA,NA
CNJ01-8-159,70.9999999999997,171.69811320754712,100.95787552009739,2.2962962962964095,0.8585750000000216,0.37784638027164713,71.00000000000156,92.84444444444456,87,8,2,3,91.5,5,NA,NA,NA,2,5,3
CNJ01-8-16,71.99999999999997,189.00000000000017,117.00000000000001,2.5000000000000533,1.1040000000000092,0.4368750000000005,71.99999999999896,NA,85,11,3,1,91.25,0,NA,NA,NA,3.6,5,5
CNJ01-8-160,73.99999999999987,159.30188679245316,91.47795650070846,9.50000000000005,2.1999999999999895,0.21014705882352833,73.99999999999996,61.155555555555694,38,49,12,1,65.5,5,NA,NA,NA,2.2,5,5
CNJ01-8-161,67.99999999999937,158.49999999999972,90.50000000000001,6.296296296296367,2.409574999999938,0.3676130469383136,67.99999999999903,NA,13,38,44,5,43,0,19,6.677,0.3514210526315789,2.6,5,4
CNJ01-8-163,84.63888888888904,NA,NA,-2.7037037037037708,-0.9944250000000354,0.591513046938311,95.71212121212312,105.84444444444465,NA,NA,NA,NA,NA,5,NA,NA,NA,1.33,3,1
CNJ01-8-165,76.36111111111191,177.30188679245342,NA,5.703703703703777,2.335424999999968,0.39248695306168585,116.50000000000094,116.50000000000044,0,21,55.00000000000001,24,24.25,5,NA,NA,NA,NA,NA,NA
CNJ01-8-166,80.36111111111086,208.50000000000023,157.03080063553307,4.703703703703629,1.809425000000144,0.22348695306169247,118.49999999999964,177.8444444444454,4,28.000000000000004,47,21,29.75,0,NA,NA,NA,NA,NA,NA
CNJ01-8-169,72.49999999999972,162.99999999999997,90.5,14.29629629629623,3.4365750000000417,0.24551304693831227,72.49999999999963,NA,42,33,22,3,55,0,2,0.746,0.373,2.4,5,4
CNJ01-8-17,79.63888888888879,173.69811320754727,NA,1.2962962962963385,0.5225750000000258,0.393313046938313,137.00000000000009,137.00000000000165,97,3,0,0,98.5,20,NA,NA,NA,2.2,5,4
CNJ01-8-170,68.5,173.49999999999994,105,8.296296296296344,3.489575000000001,0.39042971360497897,68.49999999999798,NA,27,36,31,6,52.75,5,NA,NA,NA,2.4,5,4
CNJ01-8-171,75.49999999999991,176.9999999999999,101.49999999999999,5.703703703703846,1.9684250000000691,0.20898695306169063,75.49999999999878,NA,50,25,23,2,68.25,0,NA,NA,NA,3.2,5,2
CNJ01-8-173,78.99999999999984,147.69811320754695,75.86045529934508,NA,NA,NA,79.00000000000009,104.84444444444391,69,18,10,3,80.5,15,NA,NA,NA,1.8,5,4
CNJ01-8-174,70.99999999999973,174.69811320754792,101.26562670137211,10,4.57299999999998,0.4303999999999994,70.99999999999804,87.84444444444323,40,35,23,2,63.24999999999999,10,NA,NA,NA,3.8,5,4
CNJ01-8-175,72.00000000000009,178.69811320754684,106.66724650005037,NA,NA,NA,72.00000000000126,91.84444444444426,32,44,21,3,59.25,0,NA,NA,NA,2.5,2,1
CNJ01-8-177,75.49999999999967,170.49999999999997,95,2.2962962962963847,1.084575000000019,0.4155130469383117,75.50000000000168,NA,24,48,25,3,54.25,0,6,4.311,0.7185,2,5,1
CNJ01-8-178,66.50000000000016,165.50000000000023,99.00000000000001,-0.7037037037037317,-0.028424999999994816,0.49551304693831083,66.50000000000057,NA,45,47,8,0,70.5,5,NA,NA,NA,4,4,4
CNJ01-8-179,81.49999999999986,NA,NA,1.2962962962964015,-0.4034250000000108,0.2081130469383125,81.49999999999882,81.4999999999999,1,28.000000000000004,54,17,28.499999999999996,15,NA,NA,NA,1,5,3
CNJ01-8-18,80.99999999999997,168.50000000000054,87.49999999999997,-0.7037037037036002,-0.7464249999999872,0.2561797136049798,80.99999999999935,NA,37,33,23,7.000000000000001,59.25,0,NA,NA,NA,2.34,3,3
CNJ01-8-180,73.0000000000004,171.00000000000017,98.00000000000001,1.4999999999999973,0.45649999999998525,0.28400000000000264,73.00000000000107,NA,41,44,12,3,66,0,1,0.592,0.592,1,3,1
CNJ01-8-181,66.49999999999962,168.50000000000045,102,0.2962962962964273,-0.4904249999999568,0.24726304693831322,66.4999999999997,NA,0,24,41,35,22.25,0,1,0.502,0.502,7,4,2
CNJ01-8-182,69.00000000000003,213.69811320754715,141.68999689944584,6.500000000000039,2.4060000000000334,0.41912500000000014,68.99999999999862,84.84444444444412,NA,NA,NA,NA,NA,0,NA,NA,NA,2.8,5,5
CNJ01-8-183,70.63888888888883,NA,NA,NA,NA,NA,81.71212121212025,91.8444444444433,NA,NA,NA,NA,NA,0,NA,NA,NA,2.4,5,1
CNJ01-8-184,65.99999999999973,171.69811320754664,101.62458470657361,7.499999999999998,2.1375000000000117,0.433571428571428,66.00000000000024,81.8444444444448,65,18,12,5,77,0,NA,NA,NA,4.4,5,5
CNJ01-8-187,69.4999999999998,170.50000000000026,101.00000000000004,22.000000000000007,9.082000000000033,0.3809678160919526,69.49999999999994,NA,18,19,31,32,35.25,0,11,3.331,0.3028181818181818,3.8,5,6
CNJ01-8-19,80.99999999999993,178.69811320754752,101.97398116890007,18.00000000000012,5.1050000000000155,0.2881269349845176,80.99999999999977,108.84444444444341,87,8,5,0,92.25,15,NA,NA,NA,3.6,5,8
CNJ01-8-194,58.63888888888888,164.69811320754783,NA,-2.7037037037037814,-1.289424999999966,0.2965130469383127,122.00000000000033,122.00000000000004,19,5,38,38,31,0,1,0.577,0.577,2.8,5,4
CNJ01-8-196,81.49999999999982,181.0000000000002,99.49999999999999,2.500000000000065,1.2764999999999918,0.7710000000000018,81.50000000000044,NA,63,27,6,4,78,0,NA,NA,NA,1.2,5,3
CNJ01-8-197,67.50000000000006,175.50000000000014,108.00000000000003,30.29629629629622,8.80757500000001,0.27124834105596,67.50000000000044,NA,70,18,9,3,81.25,25,2,0.342,0.171,3.6,5,9
CNJ01-8-2,71.9999999999999,212.69811320754718,140.00920990345273,4.500000000000027,2.0690000000000177,0.434937499999998,71.99999999999922,90.84444444444439,9,53,32,6,43.5,0,NA,NA,NA,2.6,5,4
CNJ01-8-20-A,88.63888888888883,197.3018867924529,108.7216034825034,4.296296296296482,2.8395750000000337,0.5221380469383157,99.71212121212109,NA,NA,NA,NA,NA,NA,0,NA,NA,NA,1,5,2
CNJ01-8-200,74.6388888888886,NA,NA,-2.703703703703602,-1.2724249999999693,0.31351304693831156,85.71212121212209,95.84444444444537,NA,NA,NA,NA,NA,5,NA,NA,NA,2,3,NA
CNJ01-8-203,73.50000000000009,204,130.5,3.0000000000000426,1.826500000000001,0.6088333333333338,73.50000000000173,NA,16,44,28.999999999999996,11,45.25,0,NA,NA,NA,2.8,5,3
CNJ01-8-204,88.49999999999999,146.30188679245285,52.118998495507,NA,NA,NA,88.49999999999982,63.15555555555464,30,23,20,27,46.5,0,NA,NA,NA,1,2,2
CNJ01-8-205,72.49999999999987,239.6981132075477,161.97398116890002,17.296296296296305,0.5135750000000432,0.06617971360498093,72.49999999999996,90.84444444444338,39,37,22,2,63,5,NA,NA,NA,3.8,5,8
CNJ01-8-206,69.99999999999983,173.50000000000023,103.50000000000001,13.999999999999908,4.321500000000048,0.4274478260869556,69.99999999999976,NA,49,35,15,1,70.25,15,1,0.189,0.189,2.6,5,7
CNJ01-8-207,75.00000000000021,173.00000000000028,98.00000000000001,-1.7037037037037193,-1.2304249999999695,0.16001304693831292,75.00000000000155,NA,21,41,28.000000000000004,10,48.5,0,NA,NA,NA,1.8,5,2
CNJ01-8-208-A,71.99999999999999,172.00000000000006,99.99999999999997,1.500000000000071,0.6955000000000309,0.4020000000000013,72.00000000000144,NA,31,33,24,12,53.5,5,2,0.822,0.411,2.4,5,3
CNJ01-8-208-B,67.63888888888889,174.69811320754752,NA,0.2962962962963065,1.0865749999999956,0.6415130469383145,131.49999999999946,131.50000000000023,41,32,22,5,62.5,20,NA,NA,NA,2.2,5,3
CNJ01-8-209,78.49999999999991,174.69811320754724,101.52204349929153,-1.7037037037037353,-0.8584249999999687,0.3460130469383128,78.50000000000014,102.84444444444439,8,25,36,31,29.5,0,NA,NA,NA,1.5,2,1
CNJ01-8-21,85.63888888888879,NA,NA,-1.703703703703673,-0.5404250000000073,0.5050130469383121,96.71212121212024,106.84444444444493,NA,NA,NA,NA,NA,0,NA,NA,NA,2,5,4
CNJ01-8-210,79.63888888888873,179.3018867924531,98.11899849550703,-0.7037037037037104,-0.9684250000000285,0.18217971360497914,90.7121212121217,NA,NA,NA,NA,NA,NA,10,NA,NA,NA,2.5,2,2
CNJ01-8-211,74.4999999999998,182.99999999999997,108.50000000000004,6.000000000000074,2.1150000000000007,0.3254545454545434,74.49999999999937,NA,NA,NA,NA,NA,NA,5,2,0.4,0.2,2.2,5,4
CNJ01-8-22,76.63888888888867,NA,NA,NA,NA,NA,87.71212121212292,97.84444444444439,NA,NA,NA,NA,NA,0,NA,NA,NA,1,1,1
CNJ01-8-23,84.63888888888847,171.69811320754724,NA,0.29629629629622833,0.06357499999998706,0.38576304693831237,138.49999999999952,138.5000000000001,80,15,5,0,88.75,0,NA,NA,NA,2.75,4,4
CNJ01-8-24,80.63888888888873,181.00000000000014,92.94633590136021,NA,NA,NA,142.99999999999923,184.1555555555566,4,25,47,24,28.249999999999996,0,NA,NA,NA,1.75,4,3
CNJ01-8-25-B,74.63888888888889,177.30188679245305,101.43951949290627,7.29629629629622,3.0725749999999925,0.3912403196655864,85.712121212122,NA,NA,NA,NA,NA,NA,5,NA,NA,NA,2,5,4
CNJ01-8-26,77.99999999999994,175.69811320754738,92.42231183256966,NA,NA,NA,78.00000000000063,92.84444444444371,30,39,23,8,55.25,0,NA,NA,NA,2.25,4,2
CNJ01-8-27,67.99999999999986,159.50000000000023,91.50000000000001,2.0000000000000435,1.1745000000000332,0.5598333333333325,67.99999999999943,NA,2,11,56.99999999999999,30,21.75,0,2,0.764,0.382,1,5,2
CNJ01-8-28,79.63888888888904,NA,NA,-2.703703703703696,-1.2604249999999884,0.32551304693831085,90.71212121212284,100.84444444444476,NA,NA,NA,NA,NA,5,NA,NA,NA,1.5,2,NA
CNJ01-8-30,61.63888888888904,209.69811320754712,NA,-2.7037037037037104,-1.3814249999999995,0.2045130469383117,146.00000000000134,145.9999999999995,35,34,25,6,58.25,0,NA,NA,NA,6,1,2
CNJ01-8-33,82.49999999999991,175.69811320754707,101.79123011333552,-0.7037037037036518,-0.01942500000000602,0.49851304693831167,82.5000000000005,111.84444444444466,77,21,2,0,88,5,4,1.941,0.48525,1.6,5,4
CNJ01-8-35,81.49999999999977,172.30188679245308,88.57768816743034,NA,NA,NA,81.50000000000054,59.15555555555679,32,38,27,3,57.75,25,NA,NA,NA,2,5,2
CNJ01-8-38,78.63888888888903,NA,NA,-1.7037037037036749,-1.1494250000000197,0.20051304693831137,89.7121212121215,99.84444444444506,NA,NA,NA,NA,NA,0,NA,NA,NA,1.5,4,1
CNJ01-8-39,76.99999999999987,NA,NA,1.000000000000088,0.48250000000001303,0.48250000000000143,76.99999999999959,77.00000000000084,46,25,20,9,63.5,5,NA,NA,NA,1,1,1
CNJ01-8-4-B,81.4999999999998,159.49999999999972,78.00000000000003,4.2962962962962585,1.3375750000000413,0.3343880469383132,81.50000000000045,NA,51,30,14.000000000000002,5,69.5,5,NA,NA,NA,2,5,3
CNJ01-8-40,76.99999999999977,168.99999999999997,92.00000000000003,2.296296296296312,-0.701424999999982,0.11784638027164435,76.99999999999993,NA,2,31,31,36,25.25,0,2,0.363,0.1815,2.2,5,5
CNJ01-8-41,73.49999999999989,185.30188679245293,117.57768816743031,NA,NA,NA,73.49999999999962,59.155555555556305,NA,NA,NA,NA,NA,0,NA,NA,NA,1.6,5,5
CNJ01-8-42,73.99999999999977,193.6981132075473,115.41401118837813,NA,NA,NA,74.00000000000097,91.84444444444382,15,32,35,18,39.75,0,NA,NA,NA,1.8,5,3
CNJ01-8-45,76.36111111111109,NA,NA,4.703703703703882,2.384425,0.7984869530616894,65.28787878788204,55.1555555555568,NA,NA,NA,NA,NA,25,NA,NA,NA,NA,NA,NA
CNJ01-8-46-A,69.49999999999979,165.00000000000009,95.50000000000003,8.49999999999999,2.66100000000002,0.35940000000000016,69.50000000000159,NA,56.99999999999999,32,10,1,75.5,5,16,4.156,0.25975,3.8,5,6
CNJ01-8-47,71.49999999999977,156.00000000000034,84.50000000000001,4.000000000000061,2.43300000000003,0.6557333333333323,71.50000000000139,NA,25,36,27,12,49.75,10,6,2.537,0.42283333333333334,2,5,3
CNJ01-8-48,68.99999999999982,NA,NA,8.500000000000044,4.445999999999998,0.5271388888888893,68.99999999999973,69.00000000000041,60,28.999999999999996,11,0,77.25,0,NA,NA,NA,2.4,5,2
CNJ01-8-5,76.99999999999993,158.6981132075467,80.79308083828411,6.296296296296349,1.9245750000000221,0.31911304693831,77.0000000000009,93.84444444444442,65,15,9,11,74.75,0,2,0.609,0.3045,2,5,4
CNJ01-8-50,71.49999999999982,151.69811320754724,77.95787552009737,NA,NA,NA,71.4999999999995,90.84444444444476,0,64,30,6,39.5,0,9,2.965,0.32944444444444443,3,1,3
CNJ01-8-51,80.49999999999987,175.99999999999983,95.50000000000001,NA,NA,NA,80.50000000000001,NA,0,0,15,85,3.75,15,NA,NA,NA,2,5,3
CNJ01-8-52,93.5,NA,NA,NA,NA,NA,93.50000000000041,93.50000000000024,31,28.000000000000004,28.999999999999996,12,52.25,0,NA,NA,NA,1,3,NA
CNJ01-8-53,79.99999999999989,186.3018867924528,104.35550389934511,5.99999999999998,3.8484999999999943,0.634124999999999,80.00000000000144,57.155555555558834,65,28.999999999999996,6,0,81,15,NA,NA,NA,3.2,5,3
CNJ01-8-55,69.99999999999977,167.00000000000023,96.99999999999999,-1.7037037037036766,-1.2714249999999832,0.13951304693831346,70.00000000000044,NA,44,41,14.000000000000002,1,68,10,NA,NA,NA,2,5,4
CNJ01-8-57,73.00000000000011,NA,NA,-2.703703703703682,-1.4794249999999691,0.10651304693831315,73.00000000000017,73.00000000000028,NA,NA,NA,NA,NA,0,NA,NA,NA,1,1,NA
CNJ01-8-58,73.99999999999994,NA,NA,3.4999999999999885,3.209999999999997,0.9504166666666695,73.9999999999988,74.00000000000033,3,73,22,2,45,0,NA,NA,NA,3,2,4
CNJ01-8-59,69.361111111111,148.6981132075476,80.42231183256966,NA,NA,NA,58.287878787879805,NA,11,27,26,36,31,15,12,6.631,0.5525833333333333,NA,NA,NA
CNJ01-8-6,71.50000000000014,160.50000000000009,89.00000000000001,1.0000000000000417,0.6080000000000301,0.6080000000000024,71.50000000000229,NA,65,25,10,0,80,0,1,0.586,0.586,1.2,5,1
CNJ01-8-62,80.99999999999987,185.6981132075479,114.38490928511162,10.499999999999996,6.046499999999973,0.5778045454545458,80.99999999999912,108.84444444444465,36,48,12,4,63,10,NA,NA,NA,1.8,5,2
CNJ01-8-63,67.63888888888893,172.69811320754712,NA,NA,NA,NA,130.49999999999994,130.5000000000001,3,66,30,1,35.625,0,NA,NA,NA,1.6,5,2
CNJ01-8-64,81.49999999999987,172.6981132075472,95.65592783220823,-0.7037037037037406,-0.7414249999999962,0.2578463802716463,81.49999999999933,103.84444444444468,22,35,23,20,45.25,5,NA,NA,NA,3.34,3,2
CNJ01-8-66,74.36111111111124,164.00000000000014,85.87469484364594,7.7037037037037175,NA,NA,111.9999999999997,170.8444444444445,4,18,38,40,22.5,0,2,0.614,0.307,NA,NA,NA
CNJ01-8-68,74.99999999999994,177.00000000000014,102.00000000000003,15.5000000000001,7.201499999999981,0.6663541666666665,74.9999999999999,NA,42,31,20,7.000000000000001,62.5,0,NA,NA,NA,3,5,7
CNJ01-8-69,86.63888888888901,NA,NA,NA,NA,NA,97.71212121212112,107.8444444444449,NA,NA,NA,NA,NA,0,NA,NA,NA,1.5,3,2
CNJ01-8-7,84.9999999999999,NA,NA,4.999999999999991,2.2919999999999674,0.6709999999999997,85.00000000000047,84.99999999999991,69,22,8,1,82,15,NA,NA,NA,1.67,3,1
CNJ01-8-71,82.99999999999991,174.6981132075477,94.42231183256966,2.4999999999999982,0.9355000000000386,0.3955000000000002,82.99999999999925,105.84444444444456,59,28.000000000000004,13,0,76.25,5,NA,NA,NA,1.34,3,1
CNJ01-8-72,79,172.6981132075471,88.93991210166243,-0.703703703703785,-0.44642499999994345,0.5520130469383123,79.00000000000018,96.84444444444357,64,30,3,3,79.75,0,NA,NA,NA,3.25,4,4
CNJ01-8-73,74.50000000000006,167.6981132075476,89.68067121897998,10.499999999999986,9.54850000000003,0.9359044117647061,74.50000000000057,96.84444444444476,33,37,27,3,58.25,5,NA,NA,NA,3.8,5,6
CNJ01-8-77,76.49999999999987,162.00000000000028,85.50000000000001,3.500000000000009,1.0300000000000111,0.28416666666666707,76.50000000000016,NA,35,47,14.000000000000002,4,62,5,7,2.519,0.3598571428571429,1,1,1
CNJ01-8-81,72.63888888888889,232.69811320754678,NA,-1.7037037037037424,-0.762425000000005,0.3940130469383117,163.00000000000023,163.00000000000006,NA,NA,NA,NA,NA,5,NA,NA,NA,3,1,2
CNJ01-8-82,77.49999999999983,177.00000000000023,99.50000000000001,-0.7037037037036216,-0.16942499999997707,0.4485130469383133,77.49999999999939,NA,NA,NA,NA,NA,NA,0,NA,NA,NA,2,2,2
CNJ01-8-85,75.99999999999966,171.69811320754752,100.77846029721091,2.499999999999898,1.3954999999999786,0.4883749999999993,75.99999999999963,99.84444444444422,98,2,0,0,89.625,5,NA,NA,NA,2.34,3,3
CNJ01-8-91,79.63888888888893,NA,NA,NA,NA,NA,90.7121212121214,100.84444444444456,NA,NA,NA,NA,NA,10,NA,NA,NA,1.5,2,NA
CNJ01-8-92,74.49999999999991,NA,NA,-0.7037037037036997,-0.130425,0.46151304693831374,74.50000000000101,74.49999999999969,17,54,24,5,50,0,NA,NA,NA,2.67,3,1
CNJ01-8-94,66.50000000000013,158.9999999999998,92.49999999999997,10.499999999999996,3.124000000000013,0.33174999999999993,66.50000000000138,NA,56.00000000000001,37,7.000000000000001,0,76.25,10,1,0.616,0.616,4.2,5,8
CNJ01-8-96,70.50000000000004,162.50000000000037,92.00000000000006,18.0000000000001,4.83950000000002,0.2751258064516119,70.49999999999989,NA,17,30,43,10,42.75,0,4,1.25,0.3125,3.2,5,8
CNJ03-79-1,80.50000000000007,NA,NA,-0.703703703703634,-1.2414249999999865,0.09117971360497906,80.50000000000044,80.49999999999967,1,77,16,6,43.5,0,NA,NA,NA,4.2,5,7
CNJ03-79-10,79.63888888888879,NA,NA,-1.7037037037037193,-1.5844250000000015,-0.01698695306168862,90.71212121212149,100.84444444444429,NA,NA,NA,NA,NA,15,NA,NA,NA,2.2,5,2
CNJ03-79-11,70.63888888888881,NA,NA,-2.703703703703721,-1.2244249999999959,0.3615130469383126,81.71212121212109,91.84444444444456,NA,NA,NA,NA,NA,40,NA,NA,NA,1.5,2,1
CNJ03-79-12,72.49999999999972,186.50000000000014,114.00000000000001,6.000000000000058,2.5445000000000215,0.4200500000000007,72.50000000000034,NA,52,40,8,0,74,5,1,0.658,0.658,2.4,5,3
CNJ03-79-13,74.00000000000003,NA,NA,24.500000000000192,7.2159999999999584,0.28996808510638267,74.0000000000003,73.99999999999986,17,40,40,3,47,30,NA,NA,NA,3.2,5,8
CNJ03-79-14,72.00000000000004,NA,NA,NA,NA,NA,72.00000000000091,71.9999999999995,NA,NA,NA,NA,NA,5,NA,NA,NA,1,1,NA
CNJ03-79-15,88.63888888888872,NA,NA,0.29629629629629317,0.1385749999999646,0.40451304693831314,99.71212121212075,109.8444444444446,NA,NA,NA,NA,NA,0,NA,NA,NA,1.25,4,2
CNJ03-79-16,73.00000000000003,NA,NA,7.0000000000000435,10.720000000000182,0.3019130434782595,73.0000000000005,73.00000000000038,2,28.000000000000004,54,16,29.5,0,NA,NA,NA,3.2,5,8
CNJ03-79-17,71.99999999999989,176.69811320754746,104.42231183256966,1.0000000000000693,0.4779999999999822,0.47800000000000137,72.00000000000026,91.84444444444422,NA,NA,NA,NA,NA,0,NA,NA,NA,4,4,1
CNJ03-79-18,63.999999999999545,NA,NA,6.2962962962963704,1.708575000000001,0.2975130469383117,64.00000000000028,64.00000000000102,17,32,42,9,43.5,0,NA,NA,NA,3.6,5,4
CNJ03-79-2,95.63888888888877,NA,NA,NA,NA,NA,106.71212121212245,116.84444444444445,NA,NA,NA,NA,NA,10,NA,NA,NA,1,2,1
CNJ03-79-20,82.49999999999987,NA,NA,4.000000000000002,2.3030000000000017,0.5664285714285722,82.50000000000001,82.50000000000013,40,39,17,4,63.74999999999999,0,NA,NA,NA,1.8,5,3
CNJ03-79-21,74.50000000000021,NA,NA,NA,NA,NA,74.49999999999962,74.49999999999986,1,27,57.99999999999999,14.000000000000002,28.999999999999996,15,NA,NA,NA,2.2,5,6
CNJ03-79-22,76,NA,NA,-0.7037037037037068,0.0195750000000523,0.7850130469383116,75.9999999999999,75.9999999999997,NA,NA,NA,NA,NA,0,NA,NA,NA,1.4,5,4
CNJ03-79-23,82.63888888888887,NA,NA,NA,NA,NA,93.71212121212157,103.84444444444433,NA,NA,NA,NA,NA,5,NA,NA,NA,1,5,3
CNJ03-79-26,74.49999999999984,NA,NA,4.296296296296383,0.7145750000000268,0.2565130469383125,74.49999999999935,74.50000000000034,NA,NA,NA,NA,NA,5,NA,NA,NA,1.8,5,4
CNJ03-79-27,70.99999999999999,177.30188679245293,108.2274495710108,-1.7037037037037317,-1.452424999999969,0.04901304693831355,70.99999999999989,49.155555555555296,1,31,49,19,28.749999999999996,5,NA,NA,NA,3.8,5,7
CNJ03-79-29,72.49999999999986,159.30188679245308,84.57768816743034,NA,NA,NA,72.50000000000145,50.15555555555309,1,37,39,23,29.25,0,NA,NA,NA,2,3,2
CNJ03-79-30,76.63888888888879,NA,NA,10.296296296296337,4.219575000000001,0.38172733265259806,87.712121212121545,97.84444444444485,NA,NA,NA,NA,NA,0,NA,NA,NA,1.8,5,4
CNJ03-79-31,74.6388888888888,NA,NA,4.296296296296365,0.895575000000014,0.2791380469383125,85.7121212121213,95.84444444444433,NA,NA,NA,NA,NA,0,NA,NA,NA,3,5,4
CNJ03-79-32,79.63888888888866,NA,NA,NA,NA,NA,90.71212121212169,100.84444444444439,NA,NA,NA,NA,NA,0,NA,NA,NA,1.8,5,3
CNJ03-79-33,87.36111111111117,NA,NA,NA,NA,NA,76.28787878787843,66.15555555555662,NA,NA,NA,NA,NA,5,NA,NA,NA,NA,NA,NA
CNJ03-79-34,77.49999999999989,NA,NA,1.000000000000032,0.2650000000000292,0.2649999999999999,77.5000000000006,77.5,18,36,44,2,47,0,NA,NA,NA,2,3,3
CNJ03-79-35,79.99999999999984,NA,NA,NA,NA,NA,80.00000000000013,79.99999999999987,4,73,23,0,45.125,0,NA,NA,NA,2,5,3
CNJ03-79-36,78.63888888888881,NA,NA,NA,NA,NA,89.71212121212065,99.84444444444429,NA,NA,NA,NA,NA,0,NA,NA,NA,2,1,1
CNJ03-79-38,75.50000000000004,146.30188679245293,66.95235308874508,15.00000000000001,2.147000000000018,0.14129864253393648,75.50000000000037,51.15555555555673,1,49,20,30,30.5,15,NA,NA,NA,2.8,5,8
CNJ03-79-39,72.4999999999999,NA,NA,2.5000000000000666,0.6759999999999826,0.30512499999999804,72.5000000000001,72.50000000000033,25,43,19,13,51.24999999999999,0,NA,NA,NA,2,5,4
CNJ03-79-4,76.63888888888886,164.6981132075476,NA,NA,NA,NA,130.9999999999998,131.0000000000001,NA,NA,NA,NA,NA,10,NA,NA,NA,2,2,1
CNJ03-79-40,78.99999999999993,NA,NA,9.296296296296308,5.140575000000004,0.48466689309215844,79.00000000000021,79.00000000000021,31,36,27,6,55.75,0,NA,NA,NA,2,5,8
CNJ03-79-41,84.99999999999989,NA,NA,-2.7037037037035505,-0.7594249999999827,0.8265130469383107,85.00000000000115,84.99999999999986,1,23,52,24,25.5,15,NA,NA,NA,1,3,NA
CNJ03-79-42,67.49999999999987,156.99999999999972,89.5,17.50000000000003,7.199000000000046,0.43491666666666734,67.49999999999827,NA,18,37,30,15,44,5,5,3.125,0.625,2,5,8
CNJ03-79-5,76.6388888888891,NA,NA,-2.7037037037037175,-1.6034249999999493,-0.017486953061684622,87.71212121212137,97.84444444444371,NA,NA,NA,NA,NA,5,NA,NA,NA,2.6,5,5
CNJ03-79-6,72.49999999999999,NA,NA,31.296296296296376,7.062575000000015,0.21262733265259806,72.50000000000082,72.49999999999983,0,3,47,50,13.25,0,NA,NA,NA,2,5,7
CNJ03-79-8,88.99999999999979,NA,NA,0.9999999999999147,0.8489999999999955,0.8489999999999988,88.99999999999966,89.00000000000033,33,46,14.000000000000002,7.000000000000001,59.5,0,NA,NA,NA,1,1,NA
CNJ03-79-9,71.49999999999983,NA,NA,10.296296296296292,2.72657500000001,0.2750844755097413,71.50000000000061,71.50000000000048,NA,NA,NA,NA,NA,15,NA,NA,NA,2.8,5,7
CNJ08-401-1,87.49999999999991,NA,NA,2.2962962962962763,2.456574999999996,0.9840130469383123,87.49999999999964,87.49999999999993,3,69,26,2,44,15,NA,NA,NA,2.2,5,3
CNJ08-401-10,77.49999999999994,205.0000000000001,127.49999999999999,4.000000000000003,1.1624999999999945,0.24976666666666705,77.49999999999994,NA,51,41,8,0,73.5,10,NA,NA,NA,2.2,5,3
CNJ08-401-100-A,82.49999999999989,167.6981132075477,89.00920990345274,7.500000000000066,4.1215000000000055,0.5343499999999998,82.4999999999997,105.84444444444433,71,23,6,0,84,40,NA,NA,NA,2.8,5,4
CNJ08-401-101,72.63888888888884,185.00000000000028,102.3100031005542,-2.7037037037036837,-1.361424999999991,0.2245130469383127,142.99999999999977,192.15555555555517,NA,NA,NA,NA,NA,5,NA,NA,NA,1.6,5,NA
CNJ08-401-103,81.36111111111131,173.69811320754698,93.66724650005038,NA,NA,NA,70.28787878787493,NA,47,43,8,2,70.5,0,NA,NA,NA,NA,NA,NA
CNJ08-401-104,89.36111111111092,167.69811320754795,79.04764691125489,NA,NA,NA,78.28787878787948,NA,32,33,32,3,56.49999999999999,5,NA,NA,NA,NA,NA,NA
CNJ08-401-105,67.6388888888888,193.00000000000017,100.3100031005542,-0.7037037037037015,0.3845750000000099,1.9705130469383114,151.99999999999983,215.15555555555568,NA,NA,NA,NA,NA,0,NA,NA,NA,1.2,3,2
CNJ08-401-106,75.99999999999991,167.0000000000001,91.00000000000001,-1.7037037037036962,-0.6474250000000084,0.45151304693831235,75.99999999999984,NA,86,13,1,0,92.75,30,3,0.786,0.262,2,1,1
CNJ08-401-107,76.63888888888879,NA,NA,13.296296296296301,4.881574999999996,0.34704245870301853,87.71212121212146,97.84444444444443,NA,NA,NA,NA,NA,0,NA,NA,NA,2.2,5,4
CNJ08-401-108,71.49999999999993,179.5000000000001,107.99999999999999,2.2962962962962523,0.5285750000000535,0.3228463802716474,71.50000000000128,NA,78,13,8,1,86.5,0,NA,NA,NA,2,5,3
CNJ08-401-110-A,81,217.69811320754738,141.26243751388714,14.296296296296305,5.6785750000000395,0.3700686024938694,80.99999999999916,104.8444444444446,14.000000000000002,24,39,23,35.75,10,NA,NA,NA,1.2,5,4
CNJ08-401-110-B,83.4999999999999,NA,NA,1.2962962962962932,-0.6414249999999602,0.1605130469383136,83.49999999999928,83.49999999999993,13,16,33,38,29.25,5,NA,NA,NA,1.67,3,2
CNJ08-401-112,74.99999999999991,164.50000000000003,89.50000000000004,3.000000000000072,1.319999999999993,0.43320000000000003,75.00000000000013,NA,28.999999999999996,42,28.000000000000004,1,56.99999999999999,10,3,1.015,0.3383333333333333,2.8,5,2
CNJ08-401-113,81.9999999999999,165.69811320754803,84.56048050709373,10.29629629629631,2.212575,0.23837018979545488,82,102.84444444444433,51,34,9,6,70.25,5,2,0.606,0.303,2.6,5,5
CNJ08-401-114,70.63888888888886,NA,NA,13.296296296296315,6.5175750000000106,0.44327775282066545,81.71212121212119,91.84444444444459,NA,NA,NA,NA,NA,5,NA,NA,NA,3,5,3
CNJ08-401-115,77.5,172.3018867924529,96.22153970278903,8.296296296296266,1.113575000000014,0.19242971360497862,77.4999999999997,60.155555555555296,24,25,41,10,46.75,10,NA,NA,NA,2,5,5
CNJ08-401-116,72.49999999999898,156.49999999999855,84.00000000000003,7.500000000000254,3.738000000000029,0.41742857142856915,72.50000000000087,NA,68,24,6,2,81.5,0,16,4.601,0.2875625,1.8,5,3
CNJ08-401-117,68.63888888888889,172.6981132075475,NA,0.2962962962962852,-0.6064249999999849,0.21826304693831283,131.00000000000014,130.99999999999994,46,35,17,2,67.75,0,2,0.566,0.283,2.2,5,4
CNJ08-401-118,85.63888888888911,169.69811320754746,NA,-0.7037037037036962,-0.6044249999999691,0.3035130469383152,137.99999999999994,137.99999999999977,78,12,10,0,86.5,20,NA,NA,NA,1,1,2
CNJ08-401-119,75.99999999999972,186.30188679245288,111.41002279399918,-0.7037037037036376,-0.9444249999999903,0.1901797136049792,75.99999999999977,57.15555555555689,50,31,13,6,68.75,0,NA,NA,NA,1.67,3,2
CNJ08-401-120,81.99999999999979,NA,NA,NA,NA,NA,82.00000000000053,82.00000000000014,57.99999999999999,27,14.000000000000002,1,75,0,NA,NA,NA,2.2,5,4
CNJ08-401-121,83.63888888888886,188.69811320754727,NA,-2.703703703703696,-1.0884249999999895,0.49751304693831244,146.49999999999966,146.5,49,28.000000000000004,13,10,66.25,0,NA,NA,NA,1,2,1
CNJ08-401-122,80.36111111111123,NA,NA,NA,NA,NA,69.2878787878788,59.15555555555606,NA,NA,NA,NA,NA,5,NA,NA,NA,NA,NA,NA
CNJ08-401-123,79.63888888888873,165.99999999999994,95.31000310055417,-1.703703703703714,-1.1414249999999992,0.20451304693831207,127.4999999999999,154.1555555555555,34,26,16,24,51,10,5,1.107,0.22139999999999999,1,2,NA
CNJ08-401-124,73.63888888888877,NA,NA,-2.703703703703739,-1.223425000000008,0.36251304693831243,84.71212121212145,94.84444444444435,NA,NA,NA,NA,NA,0,NA,NA,NA,1,1,2
CNJ08-401-125,72.6388888888887,154.99999999999991,86.23751172293115,-1.7037037037037974,-0.7774250000000127,0.38651304693831334,120.00000000000169,146.1555555555546,25,32,26,17,47.5,0,2,1.248,0.624,1,3,1
CNJ08-401-126,73.99999999999987,NA,NA,1.2962962962962763,-0.12142499999999834,0.26451304693831257,73.99999999999949,74.00000000000003,NA,NA,NA,NA,NA,10,NA,NA,NA,2.4,5,6
CNJ08-401-127,88.49999999999994,NA,NA,-2.703703703703657,-1.452425000000001,0.1335130469383119,88.49999999999976,88.50000000000018,NA,NA,NA,NA,NA,5,NA,NA,NA,1,2,1
CNJ08-401-128,63.63888888888884,206.50000000000017,118.23043323452559,-0.703703703703698,-0.9614249999999924,0.18451304693831233,155.99999999999974,227.15555555555625,NA,NA,NA,NA,NA,0,NA,NA,NA,2.34,3,1
CNJ08-401-129,68.49999999999977,168.69811320754678,101.65592783220823,3.2962962962962745,0.10857500000001141,0.21165590408116974,68.5000000000005,87.84444444444456,89,8,3,0,93.75,0,NA,NA,NA,2.6,5,6
CNJ08-401-13,91.361111111111,NA,NA,NA,NA,NA,80.2878787878789,70.15555555555652,39,30,20,11,59,0,NA,NA,NA,NA,NA,NA
CNJ08-401-130,73.99999999999989,198.00000000000009,124.00000000000001,3.000000000000057,1.4925000000000272,0.42490000000000094,73.99999999999974,NA,50,37,12,1,71.5,0,NA,NA,NA,1.5,2,1
CNJ08-401-131,74.99999999999989,206.00000000000026,131,-2.7037037037037495,-0.9994249999999945,0.5865130469383124,74.9999999999993,NA,0,19,67,14.000000000000002,26.25,15,NA,NA,NA,2,5,3
CNJ08-401-132,79.63888888888876,NA,NA,-1.7037037037036837,-0.49442499999999234,0.5280130469383124,90.71212121212149,100.8444444444443,NA,NA,NA,NA,NA,0,NA,NA,NA,1.2,5,1
CNJ08-401-133,83.63888888888873,NA,NA,NA,NA,NA,94.71212121212132,104.84444444444428,NA,NA,NA,NA,NA,35,NA,NA,NA,1,1,NA
CNJ08-401-134,71.99999999999993,184.00000000000023,111.99999999999999,NA,NA,NA,72.00000000000023,NA,0,23,53,24,24.75,40,NA,NA,NA,2.4,5,4
CNJ08-401-135,90.99999999999991,144.30188679245288,54.878197766884995,3.2962962962963074,2.2685749999999985,0.520227332652598,91.00000000000009,73.15555555555542,50,27,16,7.000000000000001,67.5,0,NA,NA,NA,1.8,5,4
CNJ08-401-136,86.99999999999969,NA,NA,2.2962962962963163,0.5145750000000009,0.32051304693831234,87,87.00000000000053,62,25,13,0,77.75,15,NA,NA,NA,1.4,5,4
CNJ08-401-137,71.36111111111131,NA,NA,NA,NA,NA,60.28787878787887,50.15555555555572,14.000000000000002,61,23,2,50.24999999999999,25,NA,NA,NA,NA,NA,NA
CNJ08-401-138,72.99999999999999,NA,NA,NA,NA,NA,73.00000000000023,73.00000000000063,NA,NA,NA,NA,NA,0,NA,NA,NA,1,2,NA
CNJ08-401-139,86.63888888888884,171.69811320754744,NA,NA,NA,NA,139.50000000000043,139.5,NA,NA,NA,NA,NA,0,NA,NA,NA,1.67,3,2
CNJ08-401-14,78.99999999999973,NA,NA,8.2962962962963,2.007575000000015,0.2669297136049792,79.0000000000008,78.99999999999967,7.000000000000001,47,41,5,40.75,25,NA,NA,NA,2,5,5
CNJ08-401-140,71.99999999999997,166.69811320754764,98.76956676547441,15.000000000000043,5.2029999999999985,0.35205882352941276,72.00000000000041,93.84444444444433,0,0,2,98,0.5,0,NA,NA,NA,2.2,5,7
CNJ08-401-143,84.36111111111111,214.00000000000003,158.42231183256962,NA,NA,NA,124.99999999999996,186.84444444444432,45,30,16,9,64,0,NA,NA,NA,NA,NA,NA
CNJ08-401-145,93.50000000000018,NA,NA,NA,NA,NA,93.49999999999964,93.4999999999999,0,27,39,34,23.25,5,NA,NA,NA,1,2,NA
CNJ08-401-146,78.99999999999991,151.50000000000023,72.49999999999997,1.2962962962963074,1.0525750000000145,0.6330130469383127,78.99999999999996,NA,0,40,46,14.000000000000002,31.5,10,NA,NA,NA,1.4,5,2
CNJ08-401-147,87.63888888888879,171.69811320754687,NA,-0.703703703703682,0.20857500000001106,0.5745130469383126,140.00000000000009,140,82,16,2,0,90.5,40,1,0.4,0.4,1.67,3,1
CNJ08-401-15,81.9999999999999,161.6981132075475,90.05366409863983,NA,NA,NA,81.99999999999986,109.84444444444445,11,30,41,18,36.25,0,NA,NA,NA,1.6,5,5
CNJ08-401-150,97.6388888888887,186.49999999999997,98.72160348250337,NA,NA,NA,147.49999999999977,176.15555555555545,NA,NA,NA,NA,NA,5,1,0.281,0.281,1,1,NA
CNJ08-401-151,93.63888888888881,NA,NA,-1.70370370370365,1.0385750000000036,1.2945130469383157,104.71212121212163,114.84444444444428,NA,NA,NA,NA,NA,10,NA,NA,NA,1.2,5,1
CNJ08-401-153,73.99999999999976,191.99999999999997,118.00000000000001,6.296296296296334,2.584575000000029,0.3851130469383108,73.99999999999955,NA,46,38,15,1,68.75,20,NA,NA,NA,2.4,5,5
CNJ08-401-156,77.49999999999986,185.3018867924529,102.57768816743034,-0.7037037037036944,-0.3464250000000242,0.6020130469383134,77.50000000000043,52.155555555553704,15,51,27,7.000000000000001,47.25,5,NA,NA,NA,1.25,4,1
CNJ08-401-158,72.4999999999998,164.99999999999997,92.50000000000001,-1.7037037037036784,-1.1334249999999984,0.2085130469383126,72.50000000000114,NA,31,32,27,10,53.75,0,3,1.057,0.35233333333333333,1.6,5,3
CNJ08-401-159,97.6388888888888,199.6981132075473,NA,NA,NA,NA,159.0000000000001,158.9999999999996,60,33,6,1,78,0,NA,NA,NA,2,1,1
CNJ08-401-16-A,68.63888888888872,157.6981132075469,NA,NA,NA,NA,123.50000000000016,123.49999999999913,9,28.000000000000004,34,28.999999999999996,31.5,10,2,1.126,0.563,1.4,5,2
CNJ08-401-16-B,67.99999999999935,159.50000000000017,91.50000000000001,1.4999999999999236,0.5075000000000058,0.41550000000000253,67.99999999999898,NA,30,35,32,3,55.50000000000001,0,NA,NA,NA,2,1,1
CNJ08-401-162,92.63888888888881,234.69811320754758,NA,NA,NA,NA,173.99999999999983,173.99999999999994,0,1,7.000000000000001,92,2.25,30,NA,NA,NA,1.4,5,4
CNJ08-401-163,77.49999999999991,159.99999999999946,82.50000000000001,2.296296296296325,0.5735750000000219,0.3303463802716459,77.50000000000051,NA,22,24,26,28.000000000000004,40.5,0,NA,NA,NA,3.6,5,5
CNJ08-401-165,80.49999999999999,174.50000000000014,94,13.296296296296305,2.030575000000007,0.17933657635007727,80.50000000000027,NA,14.000000000000002,19,18,49,28.000000000000004,15,4,0.925,0.23125,2,5,5
CNJ08-401-166,65.6388888888887,188.50000000000028,118.57768816743034,2.2962962962963474,0.6355749999999956,0.34067971360497956,138.99999999999892,191.15555555555648,50,34,11,5,69.75,0,NA,NA,NA,2.6,5,3
CNJ08-401-17,66.99999999999984,159.5000000000002,92.50000000000001,2.2962962962963127,-0.08342499999999275,0.22084638027164571,67.00000000000028,NA,41,30,20,9,61,10,1,0.399,0.399,2,5,5
CNJ08-401-18,67.4999999999994,176.00000000000026,108.50000000000004,5.296296296296319,0.249574999999979,0.17240193582720068,67.50000000000107,NA,13,45,37,5,44.75,0,1,0.554,0.554,2,5,4
CNJ08-401-19,72.49999999999997,181.5,108.99999999999999,1.9999999999999067,0.3240000000000183,0.17166666666666391,72.49999999999987,NA,13,32,35,20,37.75,0,NA,NA,NA,1.25,4,1
CNJ08-401-2,73.99999999999987,NA,NA,13.500000000000025,5.061999999999971,0.39036413043478385,74.00000000000212,73.99999999999919,57.99999999999999,28.000000000000004,14.000000000000002,0,75.5,10,NA,NA,NA,2.4,5,5
CNJ08-401-21,95.63888888888866,NA,NA,NA,NA,NA,106.71212121212123,116.84444444444439,NA,NA,NA,NA,NA,0,NA,NA,NA,1,2,NA
CNJ08-401-22,72.63888888888886,168.5000000000001,105.57768816743034,-2.7037037037036784,-1.3484249999999751,0.23751304693831285,125.49999999999908,157.15555555555608,23,33,31,13,47.25,0,2,0.82,0.41,2,2,2
CNJ08-401-23,95.63888888888877,NA,NA,NA,NA,NA,106.71212121212135,116.8444444444445,NA,NA,NA,NA,NA,10,NA,NA,NA,2,1,NA
CNJ08-401-25,87.63888888888881,NA,NA,NA,NA,NA,98.71212121212179,108.84444444444445,NA,NA,NA,NA,NA,5,NA,NA,NA,1.67,3,1
CNJ08-401-26,80.36111111111092,NA,NA,NA,NA,NA,69.28787878787865,59.15555555555686,2,18,42,38,21.5,5,NA,NA,NA,NA,NA,NA
CNJ08-401-27,81.99999999999999,185.30188679245293,108.58278176587747,-2.7037037037038294,-1.5214249999999743,0.06451304693831411,81.99999999999925,66.15555555555638,NA,NA,NA,NA,NA,0,NA,NA,NA,1.8,5,3
CNJ08-401-28,73.63888888888873,177.99999999999991,95.57768816743035,16.296296296296358,8.998575000000034,0.495513046938313,140.0000000000006,185.15555555555517,40,35,22,3,63,10,NA,NA,NA,2.6,5,5
CNJ08-401-29,83.4999999999999,NA,NA,3.0000000000000346,0.8374999999999762,0.23587499999999958,83.5,83.5000000000001,42,40,15,3,65.75,0,NA,NA,NA,1.4,5,3
CNJ08-401-3,72.63888888888879,172.3018867924529,100.04212447990261,-0.7037037037037139,-0.6064250000000044,0.30284638027164584,83.712121212121275,NA,NA,NA,NA,NA,NA,5,NA,NA,NA,1,5,2
CNJ08-401-30,79.63888888888884,169.69811320754746,NA,-2.703703703703673,-1.5494249999999534,0.03651304693831487,134.99999999999986,134.99999999999994,67,16,15,2,78.75,5,NA,NA,NA,1.8,5,3
CNJ08-401-31,76.49999999999994,177.99999999999977,101.50000000000001,-1.7037037037037601,-0.9834250000000362,0.2835130469383125,76.49999999999982,NA,25,25,28.000000000000004,22,44.5,5,NA,NA,NA,1,3,1
CNJ08-401-32,75.49999999999996,206.69811320754735,132.2656267013721,11.999999999999986,4.425000000000019,0.3871499999999997,75.50000000000021,95.84444444444445,56.99999999999999,31,11,1,75.25,0,NA,NA,NA,2,5,7
CNJ08-401-33,84.99999999999997,NA,NA,1.2962962962962985,0.41957500000000203,0.3727130469383125,85.00000000000026,85.00000000000017,NA,NA,NA,NA,NA,15,NA,NA,NA,1.4,5,2
CNJ08-401-35,75.36111111111154,169.6981132075482,98.76248827706888,NA,NA,NA,64.2878787878768,NA,19,46,33,2,50.24999999999999,5,NA,NA,NA,NA,NA,NA
CNJ08-401-36,74.50000000000003,191.50000000000034,117.00000000000001,-2.7037037037036233,-1.377425000000031,0.20851304693831108,74.50000000000054,NA,56.99999999999999,32,8,3,75,0,NA,NA,NA,1,2,NA
CNJ08-401-38,68.00000000000009,157.69811320754684,92.42231183256966,15.999999999999982,6.819999999999949,0.40166666666666656,68.00000000000078,90.84444444444436,NA,NA,NA,NA,NA,5,2,0.652,0.326,2.6,5,7
CNJ08-401-39,71.49999999999977,211.69811320754698,137.7784602972109,5.50000000000004,2.038000000000007,0.45129999999999965,71.5000000000007,87.84444444444443,33,50,17,0,62.25000000000001,0,NA,NA,NA,3,5,6
CNJ08-401-4,74.49999999999982,159.30188679245296,79.11899849550704,6.296296296296313,3.698575000000015,0.49651304693831233,74.49999999999919,49.15555555555481,6,30,53,11,34.25,15,NA,NA,NA,2,5,7
CNJ08-401-40,61.499999999999886,167.0000000000001,105.50000000000001,4.5,1.1325000000000027,0.23693749999999983,61.49999999999993,NA,40,42,14.000000000000002,4,64.5,10,6,2.241,0.3735,2,5,4
CNJ08-401-41,92.49999999999983,NA,NA,NA,NA,NA,92.50000000000024,92.49999999999989,36,32,28.000000000000004,4,59,0,NA,NA,NA,1,1,NA
CNJ08-401-44-A,76.99999999999966,193.30188679245288,115.57768816743034,-0.7037037037036411,0.3485749999999983,0.6211797136049778,76.99999999999993,56.155555555556916,63,22,12,3,77,0,NA,NA,NA,1.2,5,2
CNJ08-401-44-B,77.49999999999993,177.30188679245293,93.9463359013602,3.0000000000000835,1.8475000000000255,0.476699999999999,77.50000000000011,54.15555555555457,90,9,1,0,94.75,0,NA,NA,NA,1.2,5,3
CNJ08-401-46,76.00000000000004,162.69811320754806,87.93991210166244,NA,NA,NA,75.99999999999939,99.84444444444448,9,30,46,15,35.5,5,NA,NA,NA,2,1,NA
CNJ08-401-47,73.63888888888877,184.00000000000023,95.61509071488842,NA,NA,NA,145.00000000000173,195.15555555555562,15,22,37,26,35.25,0,NA,NA,NA,3,1,1
CNJ08-401-48,72.63888888888887,NA,NA,-2.7037037037036837,-1.299424999999988,0.2865130469383127,83.71212121212125,93.84444444444443,NA,NA,NA,NA,NA,50,NA,NA,NA,1.5,2,NA
CNJ08-401-49,85.99999999999993,NA,NA,1.0000000000000533,0.17099999999998583,0.17099999999999932,86.00000000000057,86.00000000000003,90,7.000000000000001,2,1,94,0,NA,NA,NA,2,1,2
CNJ08-401-50,83.63888888888879,188.69811320754738,NA,0.2962962962962923,1.0795750000000035,0.6397630469383129,146.5000000000002,146.5000000000001,28.999999999999996,47,23,1,58.25,15,NA,NA,NA,2.34,3,2
CNJ08-401-51,84.63888888888876,153.6981132075469,NA,-0.7037037037036145,0.417575000000004,0.6441797136049804,129.50000000000028,129.49999999999983,31,28.999999999999996,38,2,55.00000000000001,0,1,0.351,0.351,1,1,1
CNJ08-401-52,75.49999999999989,NA,NA,-2.703703703703691,-1.134424999999996,0.45151304693831273,75.49999999999999,75.5000000000002,48,23,24,5,65.5,15,NA,NA,NA,2,4,3
CNJ08-401-53,71.99999999999982,165.0000000000002,92.99999999999997,21.500000000000068,8.092499999999992,0.3754761904761908,71.99999999999947,NA,11,52,27,10,43.75,5,1,0.334,0.334,2.2,5,5
CNJ08-401-54,79.63888888888881,188.6981132075476,NA,-2.703703703703874,-1.4764249999999992,0.10951304693831027,144.50000000000148,144.50000000000045,43,38,18,1,66.5,5,NA,NA,NA,2,3,3
CNJ08-401-55,77.99999999999996,177.6981132075473,100.41401118837813,10.499999999999975,2.6295000000000046,0.28649999999999975,77.9999999999999,100.84444444444442,NA,NA,NA,NA,NA,20,1,0.193,0.193,2.6,5,6
CNJ08-401-56,71.99999999999991,161.69811320754772,91.42231183256965,11.499999999999986,5.520500000000042,0.48006060606060696,72.00000000000038,93.84444444444453,31,46,20,3,59,5,NA,NA,NA,2.2,5,5
CNJ08-401-57,90.63888888888883,186.69811320754727,NA,-2.7037037037036784,-1.2134249999999513,0.37251304693831316,148.99999999999997,149.0000000000005,37,47,13,3,63.74999999999999,5,NA,NA,NA,1,1,1
CNJ08-401-58,66.63888888888879,160.00000000000034,97.57768816743034,0.29629629629630383,-0.7244249999999923,0.18876304693831233,121.00000000000058,154.1555555555559,8,44,22,26,35.5,5,1,0.604,0.604,2.4,5,5
CNJ08-401-59,78.49999999999994,172.6981132075474,102.79123011333553,-2.7037037037036766,-1.3274249999999868,0.2585130469383124,78.49999999999984,107.84444444444439,37,32,25,6,59.25,60,1,0.196,0.196,2,3,2
CNJ08-401-6,70.99999999999993,175.00000000000026,103.99999999999999,26.500000000000163,10.521499999999973,0.49666000000000027,70.99999999999912,NA,56.99999999999999,30,10,3,74.5,15,NA,NA,NA,4,5,9
CNJ08-401-60,76.36111111111173,191.30188679245293,NA,NA,NA,NA,123.50000000000107,123.50000000000007,50,34,14.000000000000002,2,70.5,10,NA,NA,NA,NA,NA,NA
CNJ08-401-61,68.63888888888886,184.0000000000002,118.57768816743037,2.296296296296304,-0.22042500000000742,0.1980130469383117,134.4999999999988,179.1555555555558,31,22,27,20,48.75,0,1,0.699,0.699,1.8,5,3
CNJ08-401-62,76.6388888888888,184.5000000000002,99.57768816743032,-2.7037037037037175,-1.1934249999999846,0.3925130469383125,144.5000000000005,191.15555555555574,28.000000000000004,46,25,1,57.25,0,NA,NA,NA,1.34,3,2
CNJ08-401-63,75.49999999999986,192.6981132075473,109.97398116890004,12.296296296296301,3.1815750000000094,0.2647005469383124,75.50000000000011,91.84444444444435,74,20,6,0,85.5,5,NA,NA,NA,3.8,5,4
CNJ08-401-68,73.6388888888888,NA,NA,NA,NA,NA,84.71212121212126,94.8444444444443,NA,NA,NA,NA,NA,0,NA,NA,NA,1,2,1
CNJ08-401-69,73.63888888888886,165.30188679245288,91.58278176587747,-0.7037037037037992,-0.757424999999974,0.252513046938313,84.71212121212108,NA,NA,NA,NA,NA,NA,80,NA,NA,NA,2.4,5,5
CNJ08-401-7,80.63888888888884,NA,NA,-0.703703703703682,-0.23242499999992527,0.4275130469383115,91.71212121212142,101.84444444444445,NA,NA,NA,NA,NA,0,NA,NA,NA,1.5,2,1
CNJ08-401-71,69.6388888888888,NA,NA,NA,NA,NA,80.71212121212137,90.84444444444456,NA,NA,NA,NA,NA,5,NA,NA,NA,1.34,3,1
CNJ08-401-72,72.49999999999994,168.50000000000028,95.99999999999997,-1.7037037037036713,-1.0414249999999818,0.2545130469383124,72.50000000000017,NA,43,35,20,2,65.5,50,NA,NA,NA,2.6,5,5
CNJ08-401-73,81.63888888888881,NA,NA,NA,NA,NA,92.71212121212149,102.84444444444442,NA,NA,NA,NA,NA,5,NA,NA,NA,1,2,1
CNJ08-401-75,72.49999999999984,160.5000000000003,88.00000000000001,NA,NA,NA,72.50000000000067,NA,65,30,4,1,86.375,5,NA,NA,NA,2,3,2
CNJ08-401-76,78.99999999999982,NA,NA,-1.7037037037036784,-0.45442500000001673,0.5480130469383131,79.0000000000001,78.99999999999989,50,31,18,1,70,75,NA,NA,NA,2,4,2
CNJ08-401-78,82.36111111111106,193.69811320754727,112.88100150449303,NA,NA,NA,71.28787878787561,NA,NA,NA,NA,NA,NA,10,NA,NA,NA,NA,NA,NA
CNJ08-401-8,82.49999999999994,225.69811320754718,149.00920990345276,NA,NA,NA,82.50000000000001,107.84444444444445,NA,NA,NA,NA,NA,0,NA,NA,NA,1,2,1
CNJ08-401-80,71.00000000000009,158.00000000000028,87,17.296296296296347,3.557575000000016,0.21113209455735973,70.99999999999935,NA,48,37,14.000000000000002,1,70,0,19,6.356,0.33452631578947367,2.4,5,5
CNJ08-401-82,80.99999999999994,167.69811320754718,94.05366409863981,2.0000000000000098,0.8180000000000061,0.8180000000000015,81.00000000000007,105.84444444444436,15,28.000000000000004,31,26,36.75,0,NA,NA,NA,2.2,5,4
CNJ08-401-83,74.49999999999989,178.00000000000023,103.50000000000001,19.00000000000015,12.30999999999995,1.445545454545453,74.50000000000034,NA,30,42,22,6,56.49999999999999,10,NA,NA,NA,2.8,5,9
CNJ08-401-84,71.99999999999986,NA,NA,4.296296296296308,0.42957500000000803,0.22088804693831243,72.00000000000038,72.00000000000003,86,11,0,3,91.5,0,NA,NA,NA,2.8,5,4
CNJ08-401-85,69.63888888888874,159.5000000000001,105.1395447006549,-2.7037037037036837,-1.2894249999999945,0.29651304693831254,116.00000000000027,141.1555555555559,24,51,20,5,54.50000000000001,0,NA,NA,NA,1.5,2,2
CNJ08-401-87,72.49999999999984,177.49999999999983,105.00000000000001,7.00000000000004,1.668499999999977,0.3171363636363631,72.49999999999898,NA,17,32,45,6,44.25,10,NA,NA,NA,1.8,5,2
CNJ08-401-88,73.49999999999994,197.69811320754724,118.26549914194347,-2.7037037037036944,-1.29442499999999,0.29151304693831237,73.50000000000014,91.84444444444446,14.000000000000002,60,21,5,49.25,5,NA,NA,NA,1.4,5,4
CNJ08-401-89,73.4999999999999,162.50000000000014,88.99999999999997,16.000000000000018,1.953500000000015,0.8176666666666664,73.5000000000003,NA,22,50,22,6,52.5,0,NA,NA,NA,2.8,5,8
CNJ08-401-9,85.63888888888873,NA,NA,NA,NA,NA,96.71212121212132,106.84444444444428,NA,NA,NA,NA,NA,0,NA,NA,NA,2,5,2
CNJ08-401-90,75.49999999999999,167.00000000000003,91.49999999999999,8.296296296296324,3.3895750000000104,0.3820963802716459,75.5000000000001,NA,81,17,2,0,90,0,2,0.796,0.398,1.2,5,3
CNJ08-401-91,73.49999999999973,239.698113207547,167.6245847065736,3.0000000000000178,0.9239999999999753,0.30799999999999855,73.50000000000043,94.84444444444439,2,28.000000000000004,45,25,27.250000000000004,15,NA,NA,NA,1.2,5,2
CNJ08-401-92,71.00000000000001,157.5000000000001,86.5,23.50000000000001,5.8969999999999985,0.2554318181818182,71.00000000000057,NA,2,20,39,39,21.75,10,1,0.195,0.195,3.2,5,6
CNJ08-401-93,73.5,150.50000000000026,77.00000000000001,4.296296296296294,1.517575000000017,0.3568880469383128,73.50000000000017,NA,51,38,9,2,72.25,5,4,2.201,0.55025,1.4,5,3
CNJ08-401-96,72.99999999999953,175.00000000000009,101.99999999999999,-0.7037037037037654,-1.0824250000000213,0.2340130469383138,73.00000000000085,NA,67,20,9,4,79.25,5,NA,NA,NA,2,5,6
CNJ08-401-97,72.99999999999991,170.0000000000001,96.99999999999999,4.999999999999991,1.8595000000000204,0.37190000000000045,73.00000000000045,NA,72,23,5,0,84.75,25,NA,NA,NA,3,5,8
CNJ08-401-98,77.99999999999987,185.30188679245293,106.34407216779178,4.000000000000037,1.909999999999982,0.5210000000000001,78.00000000000027,59.15555555555508,13,39,41,7.000000000000001,42.75,0,NA,NA,NA,2.2,5,5
CNJ08-401-99,72.5000000000001,176.5000000000001,103.99999999999996,6.000000000000047,1.4130000000000076,0.19022222222222235,72.50000000000033,NA,6,20,37,37,25.25,20,NA,NA,NA,2.4,5,3
CNJ11-34-1,80.63888888888879,NA,NA,-2.7037037037037353,-1.1854250000000042,0.40051304693831197,91.71212121212146,101.8444444444443,NA,NA,NA,NA,NA,5,NA,NA,NA,1.67,3,1
CNJ11-34-10,74.9999999999999,177.30188679245293,100.23751172293112,-0.7037037037036411,-0.852425000000004,0.22084638027164563,75.00000000000112,56.155555555557186,NA,NA,NA,NA,NA,5,NA,NA,NA,1.6,5,3
CNJ11-34-11,76.49999999999996,184.69811320754712,110.6245847065736,2.5000000000000826,0.5165000000000306,0.3149999999999999,76.49999999999993,98.8444444444444,64,13,19,4,75.25,30,NA,NA,NA,1.2,5,3
CNJ11-34-12,76.49999999999994,178.0000000000002,101.50000000000003,2.5000000000000187,0.3725750000000143,0.46301304693831274,76.49999999999972,NA,8,24,38,30,29.5,0,NA,NA,NA,2,5,4
CNJ11-34-13,69.49999999999994,172.3018867924529,106.9691993644669,15.296296296296287,2.481574999999996,0.18046041535936366,69.49999999999947,50.155555555555,54,31,14.000000000000002,1,73,5,NA,NA,NA,1.6,5,5
CNJ11-34-14,74.36111111111055,180.50000000000009,90.93991210166243,4.703703703703818,2.2524250000000245,0.6664869530616911,123.99999999999974,194.84444444444455,46,44,9,1,70.25,0,NA,NA,NA,NA,NA,NA
CNJ11-34-15,88.00000000000003,153.6981132075465,82.7624882770689,5.70370370370374,2.3664250000000164,0.4079869530616877,87.99999999999916,121.84444444444422,66,30,4,0,82,0,NA,NA,NA,1,1,NA
CNJ11-34-16,78.63888888888874,NA,NA,NA,NA,NA,89.7121212121211,99.84444444444422,NA,NA,NA,NA,NA,0,NA,NA,NA,1,1,NA
CNJ11-34-18,75.36111111111089,172.50000000000017,93.42231183256965,NA,NA,NA,115.99999999999999,177.84444444444443,33,31,30,6,56.00000000000001,25,5,1.076,0.2152,NA,NA,NA
CNJ11-34-19,76.49999999999994,229.69811320754724,159.42231183256962,5.000000000000027,2.182999999999994,0.7276666666666703,76.50000000000033,102.84444444444438,9,34,37,20,35.25,15,NA,NA,NA,1.4,5,4
CNJ11-34-2,74.6388888888888,160.50000000000014,91.72160348250338,29.296296296296426,10.754575000000074,0.33954334996861574,124.99999999999862,154.15555555555534,46,41,13,0,69.75,0,2,0.743,0.3715,2,5,6
CNJ11-34-20,79.6388888888888,182.69811320754718,NA,-1.7037037037036926,-1.3314249999999925,0.10951304693831193,141.50000000000034,141.50000000000006,20,20,33,27,33.75,0,NA,NA,NA,2,1,1
CNJ11-34-21,73.63888888888879,NA,NA,5.296296296296321,0.6145750000000108,2.200513046938312,84.71212121212125,94.84444444444442,NA,NA,NA,NA,NA,0,NA,NA,NA,2.4,5,4
CNJ11-34-22,86.49999999999997,198.30188679245293,103.23751172293113,-2.7037037037036162,-0.8714249999999766,0.7145130469383104,86.49999999999962,61.155555555556276,78,18,4,0,88,5,NA,NA,NA,1,2,1
CNJ11-34-23,68.63888888888879,177.00000000000023,113.28564390226886,-2.7037037037037637,-1.4784249999999821,0.10751304693831432,129.50000000000074,169.1555555555558,NA,NA,NA,NA,NA,40,NA,NA,NA,1.4,5,2
CNJ11-34-24,69.50000000000014,NA,NA,1.2962962962962976,-0.7254249999999962,0.14371304693831186,69.50000000000053,69.49999999999983,20,26,30,24,40.5,0,NA,NA,NA,2.8,5,9
CNJ11-34-26,71.49999999999983,178.69811320754724,111.26243751388715,0.29629629629629584,-0.4444250000000005,0.25876304693831315,71.50000000000094,94.84444444444455,NA,NA,NA,NA,NA,0,NA,NA,NA,1,5,2
CNJ11-34-27,72.63888888888883,NA,NA,0.2962962962963278,-0.20042499999998875,0.31976304693831237,83.71212121212135,93.84444444444436,NA,NA,NA,NA,NA,10,NA,NA,NA,1.8,5,2
CNJ11-34-28,72.99999999999984,160.69811320754613,87.59929191122377,8.296296296296315,1.1325750000000536,0.194013046938315,72.99999999999879,89.84444444444453,34,35,24,7.000000000000001,57.49999999999999,0,1,0.187,0.187,1.4,5,4
CNJ11-34-29,81.6388888888888,185.00000000000009,108.57768816743034,NA,NA,NA,140.50000000000034,178.15555555555466,NA,NA,NA,NA,NA,15,1,0.435,0.435,2,1,1
CNJ11-34-5,89.36111111111104,188.30188679245293,NA,NA,NA,NA,128.49999999999972,128.4999999999999,NA,NA,NA,NA,NA,10,NA,NA,NA,NA,NA,NA
CNJ11-34-6,77.36111111111106,169.69811320754735,91.9578755200974,4.703703703703706,2.1364249999999974,0.5504869530616893,66.28787878787944,NA,32,54,12,2,62,10,NA,NA,NA,NA,NA,NA
CNJ11-34-7,73.63888888888879,197.69811320754746,NA,6.296296296296304,0.8585750000000021,0.21251304693831274,145.99999999999972,146.00000000000006,56.99999999999999,18,15,10,69.75,5,NA,NA,NA,2.6,5,4
CNJ11-34-9,73.99999999999974,152.69811320754718,72.68067121898,-2.7037037037036944,-1.2814249999999892,0.30451304693831277,74.0000000000003,93.8444444444444,13,13,39,35,29.25,5,NA,NA,NA,2,2,2
CNJ98-12-3,66.6388888888888,NA,NA,-0.7037037037036731,1.0065750000000124,0.8405130469383129,77.71212121212133,87.84444444444448,2,17,61,20,25.75,NA,NA,NA,NA,3.4,5,5
CNJ98-309-19,70.63888888888879,NA,NA,24.296296296296337,19.048575000000003,0.7027273326525983,81.71212121212137,91.84444444444442,16,35,41,8,43.75,NA,NA,NA,NA,1.6,5,4
CNJ98-317-48,71.63888888888879,185.30188679245293,NA,27.29629629629633,21.025575,0.6950614340350867,82.71212121212135,NA,15,35,39,11,42.25,NA,NA,NA,NA,2,5,2
CNJ98-320-4,64.6388888888888,170.30188679245288,NA,NA,NA,NA,75.71212121212133,NA,14.000000000000002,41,28.999999999999996,16,41.75,NA,NA,NA,NA,2.4,5,6
CNJ98-325-33,69.6388888888888,185.3018867924529,NA,9.296296296296301,8.383575000000018,0.7341284315536972,80.712121212121275,NA,25,43,26,6,50.666666666666664,NA,NA,NA,NA,3.6,5,2
CNJ98-7-5,69.6388888888888,144.30188679245293,NA,18.296296296296287,18.414575000000003,0.8752403196655859,80.712121212121275,NA,31,25,33,11,51.74999999999999,NA,NA,NA,NA,2.8,5,NA
NJ96-20,61.638888888888786,NA,NA,NA,NA,NA,72.71212121212125,82.84444444444446,40,24,20,16,56.125,NA,NA,NA,NA,NA,NA,NA
STEVENS,122.63888888888877,NA,NA,NA,NA,NA,133.71212121212142,143.84444444444443,85,14.000000000000002,0,1,96.5,NA,NA,NA,NA,2.5,4,NA
CNJ01-8-131,NA,176.5,NA,NA,NA,NA,176.4999999999993,176.49999999999977,0,41,48,11,32.5,15,NA,NA,NA,NA,NA,NA
CNJ01-8-172,NA,170.30188679245288,NA,NA,NA,NA,160.7121212121215,170.84444444444432,NA,NA,NA,NA,NA,40,NA,NA,NA,NA,NA,NA
CNJ01-8-192,NA,192.69811320754718,NA,NA,NA,NA,202.28787878788043,192.15555555555596,21,25,23,31,39.25,20,NA,NA,NA,NA,NA,NA
CNJ01-8-37-A,NA,170,NA,NA,NA,NA,170.00000000000142,169.99999999999994,35,31,15,19,54.25,5,2,0.398,0.199,NA,NA,NA
CNJ01-8-56,NA,169,NA,NA,NA,NA,169.0000000000011,169.00000000000017,NA,NA,NA,NA,NA,0,NA,NA,NA,NA,NA,NA
CNJ01-8-60,NA,181.3018867924531,NA,NA,NA,NA,171.7121212121213,181.84444444444432,NA,NA,NA,NA,NA,NA,NA,NA,NA,NA,NA,NA
CNJ01-8-74,NA,216.69811320754772,NA,NA,NA,NA,226.28787878787958,216.1555555555555,12,12,40,36,28.000000000000004,0,NA,NA,NA,NA,NA,NA
CNJ01-8-95,NA,159.49999999999972,NA,NA,NA,NA,159.4999999999998,159.49999999999943,54,33,13,0,73.75,5,NA,NA,NA,NA,NA,NA
CNJ03-79-7,NA,179.6981132075473,NA,NA,NA,NA,189.28787878788046,179.15555555555608,NA,NA,NA,NA,NA,0,NA,NA,NA,NA,NA,NA
CNJ08-401-102,NA,158.50000000000006,NA,NA,NA,NA,158.5000000000005,158.49999999999972,61,24,8,7.000000000000001,75,0,NA,NA,NA,NA,NA,NA
CNJ08-401-11,NA,177.30188679245273,NA,NA,NA,NA,167.71212121212167,177.8444444444445,NA,NA,NA,NA,NA,5,NA,NA,NA,NA,NA,NA
CNJ08-401-142,NA,183.6981132075474,NA,NA,NA,NA,193.28787878787938,183.15555555555545,56.00000000000001,28.999999999999996,13,2,73.75,0,NA,NA,NA,NA,NA,NA
CNJ08-401-148,NA,169.69811320754667,NA,NA,NA,NA,179.28787878787753,169.15555555555602,84,12,4,0,91,0,NA,NA,NA,NA,NA,NA
CNJ08-401-155,NA,186.50000000000017,NA,NA,NA,NA,186.50000000000034,186.5,38,31,26,5,60,30,NA,NA,NA,NA,NA,NA
CNJ08-401-160,NA,169.50000000000006,NA,NA,NA,NA,169.50000000000006,169.50000000000006,78,14.000000000000002,8,0,87,0,NA,NA,NA,NA,NA,NA
CNJ08-401-20,NA,199.0000000000001,NA,NA,NA,NA,199.00000000000028,199,27,51,19,3,57.25,5,NA,NA,NA,NA,NA,NA
CNJ08-401-34,NA,172.30188679245293,NA,NA,NA,NA,162.7121212121212,172.84444444444426,NA,NA,NA,NA,NA,5,NA,NA,NA,NA,NA,NA
CNJ08-401-5,NA,186.30188679245293,NA,NA,NA,NA,176.71212121212125,186.84444444444443,NA,NA,NA,NA,NA,0,NA,NA,NA,NA,NA,NA
CNJ08-401-64,NA,179.30188679245288,NA,NA,NA,NA,169.7121212121214,179.84444444444466,NA,NA,NA,NA,NA,5,NA,NA,NA,NA,NA,NA
CNJ08-401-65,NA,169.6981132075473,NA,NA,NA,NA,179.287878787879,169.15555555555568,22,36,26,16,46.5,5,NA,NA,NA,NA,NA,NA
CNJ11-34-3,NA,195.69811320754724,NA,NA,NA,NA,205.28787878787875,195.15555555555568,30,28.999999999999996,26,15,51,0,NA,NA,NA,NA,NA,NA
BEN_LEAR,NA,NA,NA,NA,NA,NA,NA,NA,97,3,0,0,97.625,NA,NA,NA,NA,NA,NA,NA
CNJ98-317-43,NA,NA,NA,NA,NA,NA,NA,NA,5,41,43,11,36.25,NA,NA,NA,NA,2.5,NA,NA
NJ96-127,NA,NA,NA,NA,NA,NA,NA,NA,40,28.000000000000004,23,9,59.875,NA,NA,NA,NA,NA,NA,NA
BLANK,NA,NA,NA,NA,NA,NA,NA,NA,NA,NA,NA,NA,NA,0,NA,NA,NA,NA,NA,NA
CNJ01-8-104,NA,NA,NA,NA,NA,NA,NA,NA,NA,NA,NA,NA,NA,0,NA,NA,NA,NA,NA,1
CNJ01-8-116,NA,NA,NA,NA,NA,NA,NA,NA,NA,NA,NA,NA,NA,0,NA,NA,NA,NA,NA,NA
CNJ01-8-136,NA,NA,NA,NA,NA,NA,NA,NA,NA,NA,NA,NA,NA,0,NA,NA,NA,NA,NA,NA
CNJ01-8-150,NA,NA,NA,NA,NA,NA,NA,NA,NA,NA,NA,NA,NA,0,NA,NA,NA,NA,NA,NA
CNJ01-8-164,NA,NA,NA,NA,NA,NA,NA,NA,NA,NA,NA,NA,NA,0,NA,NA,NA,NA,NA,NA
CNJ01-8-168,NA,NA,NA,NA,NA,NA,NA,NA,NA,NA,NA,NA,NA,5,NA,NA,NA,NA,NA,NA
CNJ01-8-43,NA,NA,NA,NA,NA,NA,NA,NA,NA,NA,NA,NA,NA,0,NA,NA,NA,NA,NA,NA
CNJ01-8-61,NA,NA,NA,NA,NA,NA,NA,NA,NA,NA,NA,NA,NA,25,NA,NA,NA,NA,NA,NA
CNJ01-8-70,NA,NA,NA,NA,NA,NA,NA,NA,NA,NA,NA,NA,NA,0,NA,NA,NA,NA,NA,NA
CNJ01-8-76,NA,NA,NA,NA,NA,NA,NA,NA,NA,NA,NA,NA,NA,0,NA,NA,NA,NA,NA,NA
CNJ01-8-79,NA,NA,NA,NA,NA,NA,NA,NA,NA,NA,NA,NA,NA,40,NA,NA,NA,NA,NA,NA
CNJ01-8-83,NA,NA,NA,NA,NA,NA,NA,NA,NA,NA,NA,NA,NA,0,NA,NA,NA,NA,NA,NA
CNJ01-8-88,NA,NA,NA,NA,NA,NA,NA,NA,NA,NA,NA,NA,NA,0,NA,NA,NA,NA,NA,NA
CNJ01-8-9,NA,NA,NA,NA,NA,NA,NA,NA,NA,NA,NA,NA,NA,0,NA,NA,NA,NA,NA,NA
CNJ01-8-98,NA,NA,NA,NA,NA,NA,NA,NA,NA,NA,NA,NA,NA,25,NA,NA,NA,NA,NA,NA
CNJ03-79-19,NA,NA,NA,NA,NA,NA,NA,NA,NA,NA,NA,NA,NA,5,NA,NA,NA,NA,NA,NA
CNJ03-79-3,NA,NA,NA,NA,NA,NA,NA,NA,NA,NA,NA,NA,NA,25,NA,NA,NA,NA,NA,1
CNJ03-79-37,NA,NA,NA,NA,NA,NA,NA,NA,NA,NA,NA,NA,NA,0,NA,NA,NA,NA,NA,NA
CNJ03-79-43,NA,NA,NA,NA,NA,NA,NA,NA,NA,NA,NA,NA,NA,0,NA,NA,NA,NA,NA,NA
CNJ08-401-109,NA,NA,NA,NA,NA,NA,NA,NA,NA,NA,NA,NA,NA,10,NA,NA,NA,NA,NA,NA
CNJ08-401-12,NA,NA,NA,NA,NA,NA,NA,NA,NA,NA,NA,NA,NA,5,NA,NA,NA,NA,NA,NA
CNJ08-401-12-B,NA,NA,NA,NA,NA,NA,NA,NA,NA,NA,NA,NA,NA,5,NA,NA,NA,NA,NA,NA
CNJ08-401-141,NA,NA,NA,NA,NA,NA,NA,NA,NA,NA,NA,NA,NA,25,NA,NA,NA,NA,NA,NA
CNJ08-401-144,NA,NA,NA,NA,NA,NA,NA,NA,NA,NA,NA,NA,NA,0,NA,NA,NA,NA,NA,NA
CNJ08-401-154,NA,NA,NA,NA,NA,NA,NA,NA,NA,NA,NA,NA,NA,0,NA,NA,NA,NA,NA,NA
CNJ08-401-24,NA,NA,NA,NA,NA,NA,NA,NA,NA,NA,NA,NA,NA,15,NA,NA,NA,NA,NA,NA
CNJ08-401-66,NA,NA,NA,NA,NA,NA,NA,NA,NA,NA,NA,NA,NA,10,NA,NA,NA,NA,NA,NA
CNJ08-401-81,NA,NA,NA,NA,NA,NA,NA,NA,NA,NA,NA,NA,NA,0,NA,NA,NA,NA,NA,NA
CNJ11-34-17,NA,NA,NA,NA,NA,NA,NA,NA,NA,NA,NA,NA,NA,0,NA,NA,NA,NA,NA,NA
CNJ11-34-25,NA,NA,NA,NA,NA,NA,NA,NA,NA,NA,NA,NA,NA,5,NA,NA,NA,NA,NA,NA
CNJ11-34-8,NA,NA,NA,NA,NA,NA,NA,NA,NA,NA,NA,NA,NA,0,NA,NA,NA,NA,NA,NA
CNJ01-8-97,NA,NA,NA,NA,NA,NA,NA,NA,NA,NA,NA,NA,NA,NA,NA,NA,NA,NA,NA,2
